Function,Arithmetic_Side,Zero_Side,Error_Absolute,Error_Relative,Zeros_Used,Test_Passed
f1,10.036137005187424,10.036161805730616,2.480054319317441e-05,2.4711244157344247e-06,20,True
f2,10.920121192291015,10.920055669915604,6.552237541044939e-05,6.00015093758341e-06,20,True
f3,10.499863180337588,10.5000090650629,0.00014588472531217912,1.3893964407590376e-05,20,True
