eta,mu_D_jitter,delta
0.0,1.0548271687,1.054827
0.01,1.0281407606,1.028141
0.05,0.9280770896,0.928077
